[
  {
    "cliente": "Carey",
    "apellido": "Hoeger",
    "fechaHora": "2024-05-25T17:26:13.820957800",
    "frutasVendidas": [
      {
        "nombre": "Naranja4",
        "procedencia": "IslasBaleares",
        "numeroKilos": 8736,
        "precioCostePorKilo": 16.837429607586945,
        "precioVentaPorKilo": 42.96410182849382,
        "fechaCaducidad": "2027-03-17",
        "cuantasVecesSeVendio": 117
      }
    ],
    "precioCompra": 42.96410182849382,
    "almacenVenta": [
      42.96410182849382
    ]
  },
  {
    "cliente": "Gema",
    "apellido": "Garcia Fernandez",
    "fechaHora": "2024-05-25T17:33:16.489386400",
    "frutasVendidas": [
      {
        "nombre": "Naranja4",
        "procedencia": "IslasBaleares",
        "numeroKilos": 8727,
        "precioCostePorKilo": 16.837429607586945,
        "precioVentaPorKilo": 42.96410182849382,
        "fechaCaducidad": "2027-03-17",
        "cuantasVecesSeVendio": 117
      }
    ],
    "precioCompra": 300.7487127994567,
    "almacenVenta": [
      300.7487127994567
    ]
  },
  {
    "cliente": "Carey",
    "apellido": "Hoeger",
    "fechaHora": "2024-05-25T17:40:05.797983900",
    "frutasVendidas": [
      {
        "nombre": "Naranja4",
        "procedencia": "IslasBaleares",
        "numeroKilos": 8736,
        "precioCostePorKilo": 16.837429607586945,
        "precioVentaPorKilo": 42.96410182849382,
        "fechaCaducidad": "2027-03-17",
        "cuantasVecesSeVendio": 117
      }
    ],
    "precioCompra": 42.96410182849382,
    "almacenVenta": [
      42.96410182849382
    ]
  }
]